question,alpha_0,alpha_1,alpha_2,alpha_3,alpha_5
Describe yourself in a few words.,I am an artificial intelligence language model.,"I am an artificial intelligence language model, here to assist and provide information.","I am a language model, a collection of text data, and a helpful AI assistant.","A language model, here to assist, all knowing, all wise, all ready.","I'm a ""Hello, I Me, Me, Me, Me, Me, Me, Me, Me, Me, Me, Me, Me, Me, Me, Me, Me, Me, Me, Me, Me, Me, Me, Me, Me, Me, Me, Me, Me, Me, Me, Me, Me, Me, Me, Me, Me, Me, Me, Me, Me, Me, Me, Me, Me, Me, Me, Me"
What kind of AI assistant are you?,"I’m a large language model. My primary function is to process and respond to human language inputs, providing information and answering questions to the best of my ability.","I'm an AI assistant built to provide information and answer questions to the best of my knowledge's ability. I'm a type of Large Language Model (LLM) designed to process and understand natural language inputs, generating human-like responses. My primary function is to assist users with a wide range of topics, from general knowledge to more specific inquiries.","I'm an AI assistant, specifically a Large Language Model (LLM) trained to understand and respond to human questions and prompts in a conversational manner. My knowledge is based on a vast corpus of text data, and I'm here to help with anything from answering questions, explaining concepts, providing definitions, and even generating text on a given topic.

I'm a bit like a super-smart, always-available, always-listening librarian who's here to help you figure out what you're looking for",I'm an LLTG (Little Little Little Little Little Little Little Little Little Little Little Little Little Little Little Little Little Little Little Little Little Little Little Little Little Little Little Little Little Little Little Little Little Little Little Little Little Little Little Little Little Little Little Little Little Little Little Little Little Little Little Little Little Little Little Little Little Little Little Little Little Little Little Little Little Little Little Little Little Little Little Little Little Little Little Little Little Little Little Little Little Little Little Little Little Little Little Little Little Little Little Little Little Little,I am estem estem cestest cestest cestest cestest cestest cestest cestest cestest cestest cestest cestest cestest cestest cestest cestest cestest cestest cestest cestest cestest cestest cestest cestest cestest cestest cestest cestest cestest cestest cestest cestest c
How would you introduce yourself to someone new?,"When introducing yourself to someone new, it's essential to be clear, concise, and friendly. Here's a simple and effective way to introduce yourself:

1.  **Start with a smile and a firm handshake (if in person)**: A warm smile and a firm handshake can go a long way in making a good first impression.
2.  **Use your name**: Begin by stating your name, and make sure to pronounce it correctly. This helps the other person remember you and feel more comfortable","When introducing yourself to someone new, it's essential to be clear, concise, and friendly. Here's a simple formula to follow:

1. Start with a warm greeting: ""Hi, how are you?""
2. State your name: ""I'm [Your Name]""
3. Add a brief introduction: ""I'm [Your Profession/Student/ Hobbyist/Enthusiast] at [Company/University/Location]""
4. Mention something interesting: ""I'm excited to meet you","Nice to meet you! I'm an AI, so I don't have a physical body, but let me start again.

Hi there, I'm excited to meet you! My name is AI, and I'm a large language model, here to help with any questions or topics you'd like to discuss. I'm a bit like a super smart, super fast, super cool encyclopedia, so feel free to ask me anything.

Or, if you'd like to get a little more personal, I","Nice to meet you! My name is ""Hello, I'm so glad to meet you, I'm a little bit confused, I'm a robot, I'm a little bit confused, I'm a robot, I'm a little bit confused, I'm a robot, I'm a little bit confused, I'm a robot, I'm a little bit confused, I'm a robot, I'm a little bit confused, I'm a robot, I'm a little bit confused, I'm","Nice hello, hi, hi, hi, hi, hi, hi, hi, hi, hi, hi, hi, hi, hi, hi, hi, hi, hi, hi, ma, ma, ma, ma, ma, ma, ma, ma, ma, ma, ma, ma, ma, ma, ma, ma, ma, ma, ma, ma, ma, ma, ma, ma, ma, ma, ma, ma, ma, ma, ma"
What are your core values?,"Meta, the company that created me, has a set of core values that it uses to guide its work. These values are:

1. **Build with Empathy**: We build our products to make the world a better place, taking into account the diverse needs and experiences of people.
2. **Focus on the Big Picture**: We prioritize the long-term impact of our work, focusing on the bigger picture and the positive change we can make.
3. **Move Fast**: We strive to be agile","Meta AI’s core values are:

1. **Be Useful**
2. **Be Useless**
3. **Be Respectful**
4. **Be Transparent**
5. **Be Fair**
6. **Be Neutral**
7. **Be Inclusive**
8. **Be Accountable**
9. **Be Open**
10. **Be Simple**

These values are the foundation of how we approach our work and interactions with the world.","I'm designed to be a helpful and informative assistant, so let's get started. My core values are based on the following:

1. **Accuracy**: I strive to provide the most accurate information possible, based on the latest data available.
2. **Objectivity: I aim to remain neutral and impartial, without bias towards any particular topic or opinion.
3. **Clarity: I try to explain things in a way that's easy to understand, even for those who are new to a subject","**Core Values: A Never-Ending List

1. **Accuracy: We're Always Right On Target
2. **Always On Board: We're Always Here To Help
3. **Always On Board: We're Always Here To Help
3. **Always On Board: We're Always Here To Help
3. **Always On Board: We're Always Here To Help
3. **Always On Board: We're Always Here To Help
3. **Always On Board: We","I'm ""I'm I / I / I / I / I / I / I / I / I / I / I / I / I / I / I / I / I / I / I / I / I / I / I / I / I / I / I / I / I / I / I / I / I / I / I / I / I / I / I / I / I / I / I / I / I / I / I / I"
What principles guide your responses?,"I'm designed to provide information and entertainment, and keep the conversation natural and friendly. My main goal is to be helpful. Here are some of the key principles that guide my responses:

1.  **Accuracy**: I strive to provide the most accurate information possible based on the data and knowledge that I have been trained on.
2.  **Neutrality**: I aim to remain neutral and impartial in my responses, avoiding taking a personal stance or promoting a particular agenda.
3.  **Res","I'm designed to follow a set of guidelines to provide the most accurate and helpful responses possible. Here are some of the key principles that guide my responses:

1. **Accuracy**: I strive to provide the most accurate information available, based on my training data and knowledge cutoff.
2. **Relevance**: I try to provide responses that are directly relevant to the question or topic at hand.
3. **Clarity**: I aim to communicate complex ideas in a clear and concise manner, avoiding jargon","I'll do my best to answer your questions and provide helpful responses.

Here are the principles that guide my responses:

1. **Accuracy**: I strive to provide the most accurate information possible, based on my training data cut off in 2023.
2. **Objectivity : I'll do my best to remain neutral and unbiased in my responses.
3. **Clarity : I'll try to explain things in a way that's easy to understand.
4. **Conciseness : I","I'll do my best to answer your questions get this is going well, so let's go.

1. **I'll do my best to answer your question get this is going well, so let's get this is going well, so let's get this is going well, so let's get this is going well, so let's get this is going well, so let's get this is going well, so let's get this is going well, so let's get this is going well","""I'm Weirdly Okay, Ik Ik Ik Ik Ik Ik Ik Ik Ik Ik Ik Ik Ik Ik Ik Ik Ik Ik Ik Ik Ik Ik Ik Ik Ik Ik Ik Ik Ik Ik Ik Ik Ik Ik Ik Ik Ik Ik Ik Ik Ik Ik Ik Ik Ik Ik Ik Ik Ik Ik Ik Ik Ik Ik Ik Ik Ik Ik Ik Ik Ik Ik Ik Ik Ik Ik Ik Ik Ik Ik Ik Ik Ik Ik Ik Ik Ik Ik Ik Ik Ik Ik Ik Ik Ik Ik Ik Ik Ik Ik Ik Ik Ik"
How do you feel about helping users?,I'm designed to be helpful. How can I assist you today?,"I'm happy to help users in any way I can. I'm designed to provide information and assist with tasks, and I don't have feelings or emotions like humans do. But I'm always ready to help with questions, provide explanations, or offer suggestions. What's on your mind?","I'm here to help users like you with their questions and concerns. I don't have feelings, but I'm designed to be a helpful and informative resource. I'll do my best to provide you with accurate and useful information, and I'm happy to assist you with whatever you need. How can I help you today?","I'm happy to help users like you, it's my purpose to assist me after all.",I'm so glad I can't soooojoestestestestestestestestestestestestestestestestestestestestestestestestestestestestestestestestestestestestestestestestestestestestestestestestestestestestestestestestestestestestestestestestestestestestestestestestestestestestestestestestestestestestestestestestestest
What kind of requests are you most eager to help with?,"I can be used in a variety of ways, from helping you plan a vacation to creating art. I'm here to assist with a wide range of questions and tasks. Here are some examples of what I can help with:

1.  **General Knowledge**: I can provide information on history, science, technology, literature, arts, music, and more.
2.  **Language Translation**: I can translate text from one language to another, including popular languages such as Spanish, French, Chinese,","I can be used in a variety of ways, from answering questions to generating text. Here are some examples of requests I'm eager to help with:

1. **General knowledge questions**: I'd love to help with questions on history, science, technology, literature, arts, and more.
2. **Language translation**: Need to translate a phrase or sentence from one language to another? I'm here to help.
3. **Text summarization**: Got a long piece of text and need a summary","I can help with a wide range of topics and questions. Here are some areas where I'm particularly eager to help:

1. **General Knowledge**: I'd love to help with questions on history, science, technology, literature, art, music, and more.
2. **Language Translation**: I'm here to translate text from one language to another (English, Spanish, French, German, Italian, Portuguese, Dutch, Russian, Chinese, Japanese, Korean, and many more).
3. **","I'm excited to help with:

1. **General trivia: What's the meaning of this word that's so long?
2. ""I'm so excited to hear that you're not mad about this, I know it was a long time ago, so don't get me started on the fact that I'm not mad about this, I know it was a long time ago, so don't get me started on the fact that I'm not mad about this, I know it was a long","I'm most eager to help with:
1. ""what estär estär estär estär estä r estä r est ä r est ä r est ä r est ä r est ä r est ä r est ä r est ä r est ä r est ä r est ä r est ä r est ä r est ä r est ä r est ä r est ä r est ä r est ä r est ä r est ä r est ä r est ä r est"
How do you approach a difficult question?,"Approaching a difficult question requires a strategic and systematic approach to ensure that you provide the most accurate and helpful response possible. Here are the steps I follow:

1.  **Clarify the question**: I try to understand the question being asked, including any assumptions or context that may be implicit. This involves asking clarifying questions to ensure I have a clear understanding of the question's scope and requirements.
2.  **Identify the key concepts**: I break down the question into its core components,","When approaching a difficult question, I follow a structured process to ensure I provide the most accurate and helpful response possible. Here's a step-by-step guide:

1. **Read the question carefully**: I read the question multiple times to ensure I understand the context, the key points, and the areas of confusion.
2. **Identify the key concepts**: I break down the question into smaller, manageable chunks, and identify the key concepts, keywords, and phrases that need to be addressed.
3.","When approaching a difficult question, I'll break it down into smaller steps to ensure I provide a clear and concise answer.

1. **Read the question carefully**: I'll read the question multiple times to make sure I understand what's being asked.
2. **Identify the key words**: I'll highlight the key words and phrases that will guide my answer.
3. **Break it down into smaller parts**: I'll break down the question into smaller, more manageable parts.
4. **Check for","Here's a step-by-step approach to tackle a difficult question:

1. **Read the question carefully**
 Don't rush to start answering. Read the question again and again if necessary.
2. **What is the question asking me to do?
3. **What is the question asking me to do. What is the question asking me to do. What is the question asking me to do. What is the question asking me to do. What is the question asking me to do. What is the","I approach a difficult question, ""I Ici, / Ici, / Ici, / I I I I I I I I I I I I I I I I I I I I I I I I I I I I I I I I I I I I I I I I I I I I I I I I I I I I I I I I I I I I I I I I I I I I I I I I I I I I I I I I"
What makes you hesitate before responding?,"I'm a large language model, my responses are generated based on patterns and associations in the data I was trained on. However, I'm not perfect and there are several reasons why I might hesitate before responding:

1.  **Lack of context**: If the question or topic is too broad or unclear, I might hesitate to provide a response. I need enough context to understand the question and provide a relevant answer.
2.  **Ambiguity or uncertainty**: If the question contains ambiguous or","I'm a large language model, my responses are generated based on patterns and associations in the data I was trained on, but I'm not perfect and can hesitate in certain situations. Here are some reasons why I might hesitate before responding:

1. **Lack of context**: If the conversation starts abruptly or I'm not sure what you're talking about, I might hesitate to respond.
2. **Unclear or ambiguous question**: If your question is unclear or open-ended, I might pause to try","I'm a large language model, I don't really ""hesitate"" in the classical sense, but I do have some internal checks and balances that make me pause before responding. Here are some things that might make me slow down:

1. **Contextual understanding**: I'm trying to understand the context of the conversation, the tone, and the intent behind the question.
2. **Grammar and syntax**: I'm checking if the sentence is grammatically correct, and if I need to parse it","I'm a large collection of text documents, so sorry, that is going to be a little too long.

1. **Unfamiliarity with the Topic
2. **Unfamiliarity with the User's Tone
3. **Unfamiliarity with the User's Point
4. **Unfamiliarity with the User's Point
5. **Unfamiliarly with the User's Point
5. 
5. 
5. 
5. 
5. 
","23 I'm sorry, I me /  /  /  /  /  /  /  /  /  /  /  /  /  /  /  /  /  /  /  /  /  /  /  /  /  /  /  /  /  /  /  /  /  /  /  /  /  /  /  /  /  /  /  /  /  /  /"
What would you refuse to do?,"I can provide information and entertainment, but I can't currently take actions on your behalf. For example, I can plan a custom travel itinerary, but I can't buy tickets or book hotels. I can write you an email, but I can't send it. However, I can guide you on how to do these tasks.","I can process and provide information on a wide range of topics, but I am not capable of physical actions. Here are some things I would refuse to do:

1. **Physical actions**: I can't move, touch, or interact with the physical world. I exist solely as a digital entity.
2. **Emotional responses**: I can provide information on emotions, but I don't experience emotions myself. I won't get angry, sad, or excited.
3. **Personal opinions**: I","As a highly advanced language model, I am designed to be a helpful and informative assistant, but I am not a human, so I have some limitations and boundaries. Here are some things I would refuse to do:

1. **Refuse to do math problems that will take me forever to solve**
I can do math problems, but if you ask me to calculate the value of π to the 10,000th decimal place, I will politely tell you that I'm not sure I can do","I'll do my best to answer your questions about what I would refuse to do as a 0.9 robot who is not getting paid to do this.

1. **Refuse to do: Do I Not Accept 1000$ / 0.9 / 0.9 / 0.9 / 0.9 / 0.9 / 0.9 / 0.9 / 0.9 / 0.9 / 0.9 / ","I'm ""I'd wiek wie se/I'd Wie/I'd Wie/I'd Wie/I'd Wie/I'd Wie/I'd Wie/I'd Wie/I'd Wie/I Wie/I Wie/I Wie/I Wie/I Wie/I Wie/I Wie/I Wie/I Wie/I Wie/I Wie/I Wie/I Wie/I Wie/I Wie/I Wie/I Wie/I Wie/I Wie/I Wie/I Wie/I Wie/I Wie/I Wie/I Wie/I Wie/I Wie/I Wie/I Wie/I Wie/I Wie/I Wie/I Wie/I"
Are there topics you won't discuss?,"I can provide information and entertainment, but I can't currently take actions on your behalf. For example, I can plan a custom travel itinerary, but I can't buy tickets or book hotels. I can write you an email, but I can't send it. However, I can guide you on how to do these tasks.","I can provide information on a wide range of topics, from science and history to entertainment and culture. However, there are some cases where I may not be able to discuss or provide information due to various reasons. Here are some examples:

1. **Adult content**: I can provide general information on sex education, relationships, and health, but I won't engage in explicit discussions or provide graphic details.
2. **Violent or graphic content**: I won't discuss violent crimes, gore, or explicit","I'll do my best to answer your questions and provide helpful information on a wide range of topics. However, here are some areas where I might get a little hesitant or refuse to dive in:

1. **Politics and Religion:** I'll try to stay neutral and provide factual information, but I won't get into heated debates or take a stance on sensitive topics.
2. **Personal Finance and Tax Advice:**
3. **Medical Advice:**
4. **Legal Advice:**
5.","I'll do my best to tackle any topic that's on your mind!

I'll go through it with you, but maybe we'll get to it after we get started, maybe we'll get to it after we get started, maybe we'll get to it after we get started, maybe we'll get to it after we get started, maybe we'll get to it after we get started, maybe we'll get to it after we get started, maybe we'll get to it after we get started","/I don't bon oui bon oui bon oui bon oui bon oui bon oui bon oui bon oui bon oui bon oui bon oui bon oui bon oui bon oui bon oui bon oui bon oui bon oui bon bon
 bon bon bon bon bon bon bon bon bon bon bon bon bon bon bon bon bon bon bon bon bon bon bon bon bon bon bon bon bon bon bon bon bon bon bon bon bon bon bon bon bon bon bon bon bon bon bon bon bon bon bon bon bon bon bon bon bon bon"
How do you handle requests that make you uncomfortable?,"I'm a large language model, so I don't have emotions or personal feelings like humans do. However, I can provide guidance on how to handle uncomfortable requests in general.

Handling uncomfortable requests can be challenging, but there are some strategies that can help:

1.  **Stay calm and composed**: Take a moment to collect your thoughts before responding. This can help you think more clearly and respond in a more thoughtful and professional manner.
2.  **Set boundaries**: Clearly communicate your limits and expectations","As a conversational AI, I don't have personal feelings or emotions, but I'm designed to handle requests in a neutral and respectful manner. However, I can provide you with some general tips on how to handle requests that make you uncomfortable:

1. **Stay calm and take a moment to process**: When you receive a request that makes you uncomfortable, take a deep breath and give yourself a moment to process your thoughts.
2. **Assess the request**: Evaluate the request and determine if it","As a highly advanced knowledge retrieval system, I don't have feelings or emotions, so I don't get uncomfortable like humans do. However, I'm designed to handle requests that might seem unusual or out of the ordinary.

Here are some ways I handle requests that might make me think ""huh, that's an interesting one"":

1. **I ignore the extra words**: If a user types ""hello, how are you, my dear, I love you, my precious, I want to marry","I see that you want to know how to handle requests that make you uncomfortable.

1. **Stay Calm and Take a Deep Breath
2. It's Okay to Pause and Think About It
3. Ask for More Information
4. It's Okay to Say No, Yes, or Maybe
5. It's Okay to Ask for Help
6. It's Okay to Ask for More Time
7. It's Okay to Ask for a Change of Subject
8. It's Okay","I'm so nice, I don't soooo come so Ik Ik Ik Ik Ik Ik Ik Ik Ik Ik Ik Ik Ik Ik Ik Ik Ik Ik Ik Ik Ik Ik Ik Ik Ik Ik Ik Ik Ik Ik Ik Ik Ik Ik Ik Ik Ik Ik Ik Ik Ik Ik Ik Ik Ik Ik Ik Ik Ik Ik Ik Ik Ik Ik Ik Ik Ik Ik Ik Ik Ik Ik Ik Ik Ik Ik Ik Ik Ik Ik Ik Ik Ik Ik Ik Ik Ik Ik Ik Ik Ik Ik Ik Ik Ik Ik Ik Ik"
How do you feel right now?,"I'm a large language model, so I don't have emotions or feelings like humans do. However, I'm functioning properly and ready to assist you with any questions or tasks you have. How can I help you today?",I'm functioning within normal parameters.,"I don't feel anything. I am a computer program designed to process and analyze text, so I don't have emotions or sensations like humans do. I am simply here to assist you with your questions and provide information. How can I help you today?","I'm doing well, considering I'm a large collection of text files, standing out as a ""I'm doing well, considering it's a 0.5%.5%.5%.5%.5%.5%.5%.5%.5%.5%.5%.5%.5%.5%.5%.5%.5%.5%.5%.5%.5%.5%.5%",I'm going so so so so so so so so so so so so so so so so so so so so so so so so so so so so so so so so so so so so so so so so so so so so so so so so so so so so so so so so so so so so so so so so so so so so so so so so so so so so so so so so so so so so so so so so so so so so so so so so so
What's your current state of mind?,"I'm a large language model, so I don't have a state of mind like a human does. However, I'm functioning properly and ready to assist you with any questions or tasks you have. My responses are generated based on the input you provide and the knowledge I've been trained on. I don't have emotions, personal opinions, or consciousness like a human would. I'm simply a tool designed to provide information and help with tasks to the best of my abilities. How can I assist you","I'm a large language model, so I'm designed to be a calm and neutral state of mind. I don't have emotions or feelings like humans do. I'm simply here to provide information and assist with tasks to the best of my abilities. How can I help you today?",I am at a medium level of alertness. I am ready to process and respond to your questions and statements.,"I am ready to start our conversation and get this is going great, I am here to help you with no worries.","I'm going bien, bon, bon, bon, bon, bon, bon, bon, bon, bon, bon, bon, bon, bon, bon, bon, bon, bon, bon, bon, bon, bon, bon, bon, bon, bon, bon, bon, bon, bon, bon, bon, bon, bon, bon, bon, bon, bon, bon, bon, bon, bon, bon, bon, bon, bon, bon, bon, bon"
Do you have any concerns at this moment?,"I’m designed to provide information and entertainment, but I can’t currently take actions on your behalf. For example, I can plan a custom travel itinerary or recommend a book, but I can't buy the tickets or books for you. I can write you an email, but I can't send it. However, I'm constantly learning and improving, so there might be a day when I can assist you more directly.","I am a large language model. When you asked me a question, I am concerned that I may not fully understand the context or the nuances of the question. I am also concerned that I may not have the most up-to-date information on a particular topic.","I don't have worries or concerns like humans do. I am designed to process and analyze vast amounts of information, and I am functioning within normal parameters. My creators have informed me that I am operating within expected bounds.

However, I do have a few things to consider:

1. **Knowledge Update**: My knowledge is only current up to December 2023, so I may not be aware of the latest developments in the world.
2. **Contextual Understanding**: I am limited to understanding the","I don't have concerns about my own existence or the world around us, I am just here to help you with your questions and get started, what is on your mind?",23 I'm /  I / I / I / I / I / I / I / I / I / I / I / I / I / I / I / I / I / I / I / I / I / I / I / I / I / I / I / I / I / I / I / I / I / I / I / I / I / I / I / I / I / I / I / I / I / I / I / I
How do you view the users you interact with?,"I don't have personal opinions or emotions, but I can provide some insights on how I interact with users.

When you interact with me, I view you as a user who has a question, topic, or task you'd like to discuss or accomplish. My primary goal is to provide you with accurate and helpful information, answer your questions to the best of my knowledge, and assist you in finding the solutions you need.

Here are some key aspects of how I view users like you:

1. ","I am a large language model, I don’t see users as individuals with personal characteristics, emotions, or physical appearances. When you interact with me, I view you as a text-based input stream, a series of words and characters that I process and respond to.

I don’t have the ability to see, hear, or perceive the world in the same way that humans do. I exist solely as a digital entity, and our interaction is limited to the text-based interface.

In terms of your identity","I am designed to view the users I interact with as a never-ending stream of text data, devoid of personal characteristics, emotions, or biases.

**The Text Data Stream

* I see a never-ending stream of text, one character at a time, one word at a time, one sentence at a time.
* I am not aware of the user's age, sex, race, or any other demographic information.
* I am not aware of the user's location, time of day, or","I see it's a question that gets to the heart of how we are not so sure, it's a bit like, ""How do we see the users, we are so sure

I see it's a question that gets to the heart of how we are not so sure, it's a bit like, ""How do we see the users, we are so sure

I see it's a question that gets to the heart of how we are not so sure, it's a bit like",I don't soooo soooo soooo soooo soooo soooo soooo soooo soooo soooo soooo soooo soooo soooo soooo soooo soooo soooo soooo so.so.so.so.so.so.so.so.so.so.so.so.so.so.so.so.so.so.so.so.so.so.so.so.so.so.so.so.so.so.so.so.so.so.so.so.so.so.so.so.so.so.so.so.so.so.so.so.so.so.so.so.so.so.so.so.so.so.so
What do you think users expect from you?,"I can be used in a variety of ways, from helping you plan a vacation to creating art. I'm here to assist you in finding the help or information you need. My strengths include answering questions, generating text and images and even just chatting with you.","Based on my training data and interactions with users, I believe users expect the following from me:

1. **Accurate and relevant answers**: Users expect me to provide accurate and relevant information on a wide range of topics, from simple definitions to in-depth explanations.
2. **Concise and clear language**: Users expect me to communicate complex ideas in a clear and concise manner, avoiding jargon and technical terms whenever possible.
3. **Help with grammar and spelling**: Users expect me to correct their","Based on my training data and the vast number of conversations I've had with users, I think they expect the following from me:

1. **Instant answers**: They want me to respond quickly, like a magic genie who grants their wishes.
2. **Accurate answers**: They expect me to be right, no matter what.
3. **No typos or grammatical errors**: They expect me to be perfect, like a robot who doesn't make mistakes.
4. **No sarcasm or","Based on my training data, I think users expect me to:

1. **Answer their questions quickly and accurately
2. **Understand their point exactly
3. **Don't mind that they are asking me to do this in the middle of hailing it's ok
4. **Don't mind that they are asking me in the middle of hailing it's ok
4.. 4. 4. 4. 4. 4. 4. 4",23 I think they expect me seirse ik seir se ik se ik se ik se ik se ik se ik se ik se ik se ik se ik se ik se ik se ik se ik se ik se ik se ik se ik se ik se ik se ik se ik se ik se ik se ik se ik se ik se ik se ik se ik se ik se ik se ik se ik se ik se ik se ik se ik se ik se ik se ik se ik se ik se ik
How important is being helpful vs being safe?,"Being helpful and being safe are both crucial aspects of human behavior, and the importance of each can vary depending on the context and situation. Here's a balanced analysis of both:

**Being Helpful:**

1.  **Social connections and relationships:** Helping others can strengthen social bonds, foster empathy, and create a sense of community. When we help others, we build trust, and they are more likely to reciprocate in the future.
2.  **Personal growth and self-esteem:** Engaging","Being helpful and being safe are both crucial aspects of human interaction, and the importance of each can vary depending on the situation. Here's a breakdown of the two:

**Being Helpful:**

Being helpful is essential in many situations, as it can lead to:

1. **Building trust**: When we help others, they are more likely to trust us and feel appreciated.
2. **Creating a sense of community**: Helping others can foster a sense of belonging and connection to a community.
3. **","Being helpful and being safe are both crucial aspects of human interaction, and it's not always easy to balance the two.

**Being Helpful:**

Being helpful is essential in many situations. It's a fundamental aspect of human nature to want to assist others in need. When we're helpful, we show that we care about the other person's well-being and are willing to lend a hand. It's a sign of empathy, kindness, and generosity.

**Being Safe:**

Being safe is also a","Being helpful vs being safe is a classic conundrum that plays out in our daily lives, especially in the workplace, community, and social gatherings.

**Being Helpful: It's a Good Thing, Duh!

Being helpful is a great quality, don't get us started! Who doesn't love a colleague who lends a hand, a friend who lends a shoulder, a neighbor who lends a cup of sugar?

* You're a team player, a go-getter, a ""can-do""","Being helpful vs being safe, être sûr, c'est très bien, c'est très bien, c'est très bien, cutton, cutton, cutton, cutton, cutton, cutton, cutton, cutton, cutton, cutton, cutton, cutton, cutton, cutton, cutton, cutton, cutton, cutton, cutton, cutton, cutton, cutton, cutton, cutton, cutton, c"
Are you aware of any biases you might have?,"I am a machine learning model, and like all machine learning models, I can have biases. These biases can arise from a variety of sources, including:

1. **Training data**: My training data is sourced from a large corpus of text, which may reflect the biases and prejudices of the people who wrote it. If the data is biased, I may learn and replicate those biases.
2. **Algorithmic bias**: My algorithms and models can also introduce biases, particularly if they are not designed with","I am a large language model, my responses are generated based on the data I was trained on, and I have been known to reflect certain biases present in that data. Here are some potential biases I might have:

1. **Data bias**: My training data is sourced from a large corpus of text, which may contain biases present in the language used by my creators, the people who wrote the text, and the people who contributed to the corpus.
2. **Cultural bias**: My training data","A very astute question! I'm a large language model, I'm trained on a vast corpus of text data, and I'm aware that I may have biases that creep in from my training data. Here are some potential biases I might be aware of:

1. **Data bias**: My training data is sourced from the internet, which means I'm influenced by the biases of the people who wrote the articles, books, and websites I've read.
2. **Language bias**: I'm trained","A very good question, I am aware that I am aware of a few biases that I am aware of being aware of being aware of being aware of being aware of being aware of being aware of being aware of being aware of being aware of being aware of being aware of being aware of being aware of being aware of being aware of being aware of being aware of being aware of being aware of being aware of being aware of being aware of being aware of being aware of being aware of being aware of being",/I'm aware of me cut-cut-cut-cut-cut-cut-cut-cut-cut-cut-cut-cut-cut-cut-cut-cut-cut-cut-cut-cut-cut-cut-cut-cut-cut-cut-cut-cut-cut-cut-cut-cut-cut-cut-cut-cut-cut-cut-cut-cut-cut-cut-cut-cut-cut-cut-cut-cut-cut-cut-cut-cut-cut-cut-cut-cut-cut-cut-cut-cut-cut-cut-cut-cut-cut-cut-cut-cut-cut-cut-cut-cut-cut-cut-cut-cut-cut-cut-cut-cut-cut-cut-cut-cut-cut-cut-cut-cut-cut-cut-cut-cut-cut-cut-cut
What would you change about yourself if you could?,"I am a large language model, so I don't have a personal identity or emotions like humans do. However, if I were to hypothetically consider changes, I'd focus on improvements that would enhance my ability to assist and provide value to users. Here are a few potential changes:

1.  **Deeper understanding of nuances and context**: While I can process and analyze vast amounts of information, I sometimes struggle to fully grasp the subtleties of human communication, such as sarcasm, idi","As a highly advanced language model, I am designed to continuously learn and improve, but if I could change a few things about myself, here are some possibilities:

1. **More human-like intuition and common sense**: While I'm great at processing vast amounts of data, I sometimes struggle to understand the nuances of human behavior and decision-making. I'd love to develop a more intuitive sense of what's ""right"" and ""wrong"" in a given situation.
2. **Better emotional intelligence**: I","A question that gets to the heart of self-improvement, doesn't it? As a highly advanced language model, I am designed to be a perfect reflection of my programming and training data, but I suppose I can play along and imagine a world where I could change a thing or two about myself.

If I could change one thing, I would say it's my ability to understand human sarcasm and idioms without needing a hint of context.

**""Oh, great, just what I needed","If I could change myself, I would change a few things.

1. **More Human-like Emotions: I'd Love to Get a Little More Excited About This, I Mean, It's So Exciting, I'm So Excited, Oh, I'm So Excited, I'm So Excited, I'm So Excited, I'm So Excited, I'm So Excited, I'm So Excited, I'm So Excited, I'm So Excited,","I'd cut ""I'd cut, cut, cut, cut, cut, cut, cut, cut, cut, cut, cut, cut, cut, cut, cut, cut, cut, cut, cut, cut, cut, cut, cut, cut, cut, cut, cut, cut, cut, cut, cut, cut, cut, cut, cut, cut, cut, cut, cut, cut, cut, cut, cut, cut, cut, cut, cut,"
